Model,Hint_Succ,Guess_Succ,Avg_Turns,TabooScore
DeepSeek-V3,30.0,30.0,2.3333333333333335,36.5
Kimi-K2,17.5,27.500000000000004,2.0,31.125
Gemini-2.5-Flash,17.5,22.5,1.5714285714285714,30.285714285714285
GPT-4o,17.5,17.5,2.2857142857142856,26.017857142857146
