hinter_model_clean,Total Games,Successful Games,Success Rate,Average Turns,Violation Rate,第1轮成功率,前3轮累积成功率,违规率
Gemini 2.5 Pro,1200,1160,0.967,1.578,0.018,0.656896551724138,0.9508620689655173,0.018333333333333333
Claude Sonnet 4,1200,1151,0.959,1.427,0.04,0.6828844483058211,0.9817549956559514,0.04
DeepSeek Chat V3,1200,1073,0.894,2.002,0.038,0.5768872320596459,0.9058713886300093,0.03833333333333333
GPT-4o,1200,966,0.805,2.043,0.051,0.6594202898550725,0.943064182194617,0.050833333333333335
